"barcode","SampleType","RawCount","logCPM"
"TCGA-HZ-A8P1","Primary Tumor",2441,6.02294785404703
"TCGA-FB-AAPS","Primary Tumor",4423,6.89542396559878
"TCGA-IB-AAUN","Primary Tumor",22054,9.05005045177018
"TCGA-3A-A9I7","Primary Tumor",8359,7.25457377360004
"TCGA-FB-AAPY","Primary Tumor",4017,6.47076264798705
"TCGA-2J-AABP","Primary Tumor",5094,6.97849973662645
"TCGA-2L-AAQM","Primary Tumor",1354,5.02767890000284
"TCGA-HZ-8519","Primary Tumor",8860,6.41618664382282
"TCGA-PZ-A5RE","Primary Tumor",3289,6.03878712039775
"TCGA-HZ-8002","Primary Tumor",21999,8.38555921657347
"TCGA-HZ-A77P","Primary Tumor",7963,7.03700576874395
"TCGA-US-A77E","Primary Tumor",4629,6.44440391878851
"TCGA-HV-A7OP","Primary Tumor",1494,6.11413983046398
"TCGA-2J-AAB6","Primary Tumor",32013,9.84419131996758
"TCGA-IB-7645","Primary Tumor",8527,7.27297507917193
"TCGA-2J-AABF","Primary Tumor",9010,7.03887206718339
"TCGA-FB-AAPU","Primary Tumor",3260,5.86432593211095
"TCGA-RB-AA9M","Primary Tumor",8110,7.19404740120798
"TCGA-2J-AAB9","Primary Tumor",7489,8.4625539395363
"TCGA-HZ-A8P0","Primary Tumor",4824,7.05382796012567
"TCGA-L1-A7W4","Primary Tumor",3334,5.98094795511862
"TCGA-FB-A4P5","Primary Tumor",2895,6.44916270415234
"TCGA-IB-A5SO","Primary Tumor",5034,6.37829063805733
"TCGA-IB-7649","Primary Tumor",5478,7.38503689371464
"TCGA-US-A77J","Primary Tumor",3399,6.4024813591543
"TCGA-3A-A9IV","Primary Tumor",2458,5.98633516804636
"TCGA-3A-A9IR","Primary Tumor",5054,6.25649505346091
"TCGA-HZ-8638","Primary Tumor",6439,6.2613927750939
"TCGA-3A-A9IL","Primary Tumor",6743,7.09724373811345
"TCGA-F2-6880","Primary Tumor",4192,7.73131568625498
"TCGA-FB-A7DR","Primary Tumor",6282,7.00748815225185
"TCGA-XD-AAUI","Primary Tumor",11727,7.92039601401196
"TCGA-3A-A9IS","Primary Tumor",1683,5.14158992065168
"TCGA-IB-A5SS","Primary Tumor",12524,7.92587005110268
"TCGA-HZ-7924","Primary Tumor",5828,6.12909833832703
"TCGA-IB-7885","Primary Tumor",8481,7.08108825122791
"TCGA-FB-A545","Primary Tumor",25173,9.64895258483315
"TCGA-IB-AAUW","Primary Tumor",8824,7.1105039257926
"TCGA-S4-A8RO","Primary Tumor",14875,8.41506742941747
"TCGA-FB-AAQ6","Primary Tumor",1934,6.32021691567977
"TCGA-IB-A7LX","Primary Tumor",12022,7.83820899710852
"TCGA-3A-A9IO","Primary Tumor",4430,6.61018291377357
"TCGA-IB-A7M4","Primary Tumor",6197,7.18493324603096
"TCGA-3A-A9IU","Primary Tumor",7163,7.13072893209112
"TCGA-HV-A5A3","Primary Tumor",4330,7.21244607037291
"TCGA-HV-A5A3","Solid Tissue Normal",6816,7.34002153717341
"TCGA-IB-7886","Primary Tumor",14653,7.98851730329705
"TCGA-HV-AA8X","Primary Tumor",5341,6.75702850323341
"TCGA-S4-A8RM","Primary Tumor",2323,5.32846550977839
"TCGA-IB-AAUQ","Primary Tumor",19998,8.98715840245904
"TCGA-IB-AAUU","Primary Tumor",4533,6.4396933792471
"TCGA-3A-A9IZ","Primary Tumor",8936,8.27207102350585
"TCGA-HZ-7919","Primary Tumor",24647,8.79867557073465
"TCGA-IB-7897","Primary Tumor",11935,7.37590026596854
"TCGA-3A-A9IB","Primary Tumor",15906,8.18317052022805
"TCGA-IB-8127","Primary Tumor",27517,8.25158942379764
"TCGA-2J-AABU","Primary Tumor",13578,9.38938767457076
"TCGA-HV-AA8V","Primary Tumor",6647,7.06169516196409
"TCGA-IB-7652","Primary Tumor",16220,7.73922780925602
"TCGA-HV-A5A5","Primary Tumor",4361,6.73391258403669
"TCGA-3A-A9IH","Primary Tumor",10964,7.57554288018004
"TCGA-2L-AAQL","Primary Tumor",2883,6.44607007886475
"TCGA-HZ-A49H","Primary Tumor",4748,6.78682573665234
"TCGA-HZ-A4BH","Primary Tumor",26510,9.06993271993572
"TCGA-F2-A44G","Primary Tumor",3190,6.27694667749458
"TCGA-Q3-AA2A","Primary Tumor",2964,6.51359445886521
"TCGA-IB-A5SQ","Primary Tumor",6271,7.04425919945021
"TCGA-HZ-A49G","Primary Tumor",5715,6.98234732040522
"TCGA-3A-A9IC","Primary Tumor",4849,6.76004969386193
"TCGA-HZ-8003","Primary Tumor",9109,7.5856228046751
"TCGA-IB-A6UF","Primary Tumor",6494,7.04009308431617
"TCGA-2J-AAB1","Primary Tumor",3162,6.17249197229134
"TCGA-Z5-AAPL","Primary Tumor",2522,5.81391318088279
"TCGA-F2-A8YN","Primary Tumor",7177,7.46108033846678
"TCGA-H6-A45N","Solid Tissue Normal",1728,5.13195403013238
"TCGA-HZ-7922","Primary Tumor",8576,7.43531202766237
"TCGA-IB-AAUT","Primary Tumor",5490,7.07601763195334
"TCGA-H6-8124","Primary Tumor",21630,8.51341166662493
"TCGA-F2-6879","Primary Tumor",9432,7.10239047901033
"TCGA-FB-A4P6","Primary Tumor",3858,6.71730908802244
"TCGA-HZ-A9TJ","Metastatic",21556,8.66042500125496
"TCGA-HZ-A9TJ","Primary Tumor",3814,6.60991531027069
"TCGA-3A-A9IX","Primary Tumor",10642,7.48238884941785
"TCGA-HZ-8317","Primary Tumor",7799,7.28247897947072
"TCGA-2J-AABH","Primary Tumor",4512,6.47444151387719
"TCGA-3A-A9J0","Primary Tumor",7901,7.58936658482448
"TCGA-XD-AAUH","Primary Tumor",7750,7.32588957810704
"TCGA-IB-7891","Primary Tumor",11920,7.83696964241057
"TCGA-XN-A8T3","Primary Tumor",7345,7.27800015440707
"TCGA-YB-A89D","Solid Tissue Normal",11972,8.06554743606529
"TCGA-IB-A5SP","Primary Tumor",4775,6.86451629639409
"TCGA-YY-A8LH","Primary Tumor",3806,6.20085454414025
"TCGA-2L-AAQJ","Primary Tumor",10001,7.91203058780658
"TCGA-FB-AAQ2","Primary Tumor",40182,9.70418444179631
"TCGA-FB-AAQ1","Primary Tumor",7237,7.36859486865916
"TCGA-XD-AAUG","Primary Tumor",2957,6.35729973543633
"TCGA-HZ-7923","Primary Tumor",8186,6.64459764393814
"TCGA-FB-AAPP","Primary Tumor",609,4.39816520383807
"TCGA-H8-A6C1","Primary Tumor",4738,6.65257394956619
"TCGA-F2-7273","Primary Tumor",11920,7.28952140235549
"TCGA-HZ-7920","Primary Tumor",10671,7.15962553776774
"TCGA-3A-A9IJ","Primary Tumor",1235,4.85073606171734
"TCGA-HV-A7OL","Primary Tumor",1795,5.72864892313487
"TCGA-2J-AABO","Primary Tumor",16777,9.15114904904787
"TCGA-F2-7276","Primary Tumor",14451,7.78938067091537
"TCGA-HZ-8637","Primary Tumor",7633,6.42059163608511
"TCGA-3A-A9IN","Primary Tumor",9254,7.58598617060896
"TCGA-HZ-7918","Primary Tumor",16488,8.27146333634174
"TCGA-FB-A78T","Primary Tumor",5071,6.43170206883013
"TCGA-M8-A5N4","Primary Tumor",5422,7.12636276096975
"TCGA-2J-AABI","Primary Tumor",16193,7.97135928935896
"TCGA-IB-AAUO","Primary Tumor",6410,6.98686861037018
"TCGA-IB-7647","Primary Tumor",17642,7.76474719217592
"TCGA-2L-AAQA","Primary Tumor",13249,7.87016688122226
"TCGA-2L-AAQE","Primary Tumor",61950,10.3819088106338
"TCGA-2J-AABK","Primary Tumor",3899,6.05776550429382
"TCGA-HV-A5A4","Primary Tumor",3002,6.11059183322315
"TCGA-IB-7651","Primary Tumor",7043,6.55101472669138
"TCGA-HZ-8636","Primary Tumor",22892,8.22195902992863
"TCGA-IB-7893","Primary Tumor",12801,7.93487109098454
"TCGA-US-A774","Primary Tumor",11276,7.71143312621934
"TCGA-HZ-A49I","Primary Tumor",5181,6.92445899543109
"TCGA-HZ-7926","Primary Tumor",12774,7.56194020429562
"TCGA-2J-AAB8","Primary Tumor",3299,6.99312079774398
"TCGA-LB-A9Q5","Primary Tumor",5994,7.89571756205388
"TCGA-2J-AABT","Primary Tumor",4976,7.1038878540683
"TCGA-IB-7889","Primary Tumor",43707,9.66688270645417
"TCGA-FB-A5VM","Primary Tumor",4584,6.76796305708774
"TCGA-2J-AAB4","Primary Tumor",12523,7.84189652220713
"TCGA-3A-A9I9","Primary Tumor",6797,7.31524491681222
"TCGA-IB-8126","Primary Tumor",9071,7.82372865567278
"TCGA-YH-A8SY","Primary Tumor",5335,7.11370605387012
"TCGA-HZ-A4BK","Primary Tumor",7600,7.28676976007008
"TCGA-FB-AAQ3","Primary Tumor",2278,6.26374439926549
"TCGA-IB-7890","Primary Tumor",23896,9.1958326686352
"TCGA-HZ-8001","Primary Tumor",13460,7.83864304101609
"TCGA-IB-AAUS","Primary Tumor",7081,7.18816767237828
"TCGA-IB-AAUR","Primary Tumor",9171,7.33820971587618
"TCGA-H6-A45N","Primary Tumor",5898,7.54381831009211
"TCGA-H6-8124","Solid Tissue Normal",8472,7.06584294404566
"TCGA-3A-A9I5","Primary Tumor",2029,5.6944771903673
"TCGA-FB-AAQ0","Primary Tumor",3471,6.45677585253399
"TCGA-3E-AAAZ","Primary Tumor",13332,7.77602259546991
"TCGA-3E-AAAY","Primary Tumor",6735,7.01416242183462
"TCGA-2L-AAQI","Primary Tumor",12047,8.02078688248493
"TCGA-YB-A89D","Primary Tumor",8088,7.53721645138838
"TCGA-S4-A8RP","Primary Tumor",5009,6.67402806225582
"TCGA-FB-AAPQ","Primary Tumor",1104,5.53592565691705
"TCGA-HZ-A77Q","Primary Tumor",7975,7.73649073804601
"TCGA-HZ-A77O","Primary Tumor",14671,8.57798378373319
"TCGA-LB-A8F3","Primary Tumor",2855,6.14039930418969
"TCGA-IB-7654","Primary Tumor",22552,8.46986626249623
"TCGA-IB-AAUV","Primary Tumor",5374,6.49065217061201
"TCGA-HZ-7289","Primary Tumor",2691,6.29116975605808
"TCGA-RL-AAAS","Primary Tumor",4690,6.75192115122459
"TCGA-IB-7888","Primary Tumor",5974,7.16952335775187
"TCGA-IB-AAUP","Primary Tumor",15232,8.05265414134919
"TCGA-RB-A7B8","Primary Tumor",4780,6.84207496826152
"TCGA-2J-AABR","Primary Tumor",4710,6.97641805341993
"TCGA-IB-A5ST","Primary Tumor",8001,7.2161956304803
"TCGA-IB-AAUM","Primary Tumor",6770,7.48402690329788
"TCGA-US-A779","Primary Tumor",4978,6.80685647146142
"TCGA-2J-AABV","Primary Tumor",1673,6.86394629242496
"TCGA-IB-A6UG","Primary Tumor",9524,7.69904349763341
"TCGA-2J-AABA","Primary Tumor",3706,6.60929312403912
"TCGA-2J-AABE","Primary Tumor",7102,7.59224791312509
"TCGA-XD-AAUL","Primary Tumor",3817,6.18037317201889
"TCGA-XN-A8T5","Primary Tumor",8102,7.63859046187148
"TCGA-US-A77G","Primary Tumor",6764,7.10223657641719
"TCGA-HZ-8315","Primary Tumor",17525,7.96739052152479
"TCGA-F2-A7TX","Primary Tumor",9022,7.62271179133661
"TCGA-Q3-A5QY","Primary Tumor",4629,6.60371193508911
"TCGA-IB-7644","Primary Tumor",8347,7.08369347041303
"TCGA-HZ-8005","Primary Tumor",26097,9.19148481007159
"TCGA-HV-A5A6","Primary Tumor",6520,7.26053481923493
"TCGA-F2-A44H","Primary Tumor",3436,7.40313768488829
"TCGA-LB-A7SX","Primary Tumor",7430,7.02599360570519
"TCGA-OE-A75W","Primary Tumor",3363,6.25134030625885
"TCGA-HZ-7925","Primary Tumor",15830,7.91166036434302
"TCGA-FB-AAPZ","Primary Tumor",10749,8.43346468809911
"TCGA-IB-7646","Primary Tumor",5676,7.14874841992237
"TCGA-US-A776","Primary Tumor",6189,6.99395362952924
"TCGA-IB-7887","Primary Tumor",9060,7.2044303538061
